Cell	Phase	Subpopulation
SRR13878216.bam	G1	2
SRR13878217.bam	G1	1
SRR13878218.bam	G1	2
SRR13878221.bam	S	2
SRR13878223.bam	G1	2
SRR13878224.bam	G1	2
SRR13878226.bam	G1	2
SRR13878231.bam	G1	2
SRR13878240.bam	G1	2
SRR13878241.bam	G1	2
SRR13878244.bam	G1	2
SRR13878249.bam	G1	2
SRR13878253.bam	G1	2
SRR13878254.bam	G1	2
SRR13878260.bam	G1	2
SRR13878265.bam	G1	2
SRR13878268.bam	G1	1
SRR13878274.bam	S	2
SRR13878282.bam	G1	2
SRR13878285.bam	G1	2
SRR13878287.bam	G1	2
SRR13878291.bam	S	1
SRR13878298.bam	G1	2
SRR13878304.bam	G1	2
SRR13878309.bam	G1	2
SRR13878314.bam	G1	2
SRR13878319.bam	G1	1
SRR13878322.bam	G1	2
SRR13878335.bam	G1	2
SRR13878340.bam	G1	1
SRR13878348.bam	S	2
SRR13878349.bam	G1	2
SRR13878351.bam	G1	2
SRR13878352.bam	G1	2
SRR13878358.bam	G1	2
SRR13878360.bam	S	2
SRR13878367.bam	G1	1
SRR13878372.bam	G1	2
SRR13878373.bam	G1	1
SRR13878374.bam	G1	2
SRR13878375.bam	G1	1
SRR13878378.bam	G1	2
SRR13878380.bam	G1	2
SRR13878382.bam	G1	2
SRR13878383.bam	G1	2
SRR13878384.bam	G1	2
SRR13878385.bam	G1	2
SRR13878390.bam	G1	1
SRR13878393.bam	G1	1
SRR13878396.bam	G1	2
SRR13878404.bam	G1	2
SRR13878412.bam	G1	2
SRR13878418.bam	G1	2
SRR13878439.bam	G1	1
SRR13878450.bam	G1	1
SRR13878451.bam	G1	2
SRR13878453.bam	G1	1
SRR13878460.bam	G1	1
SRR13878469.bam	G1	2
SRR13878473.bam	G1	2
SRR13878485.bam	G1	1
SRR13878487.bam	G1	2
SRR13878488.bam	G1	2
SRR13878500.bam	G1	2
SRR13878501.bam	G1	1
SRR13878508.bam	G1	2
SRR13878510.bam	G1	2
SRR13878512.bam	G1	1
SRR13878516.bam	G1	1
SRR13878517.bam	G1	2
SRR13878523.bam	G1	2
SRR13878527.bam	G1	2
SRR13878530.bam	G1	1
SRR13878534.bam	G1	2
SRR13878540.bam	G1	2
SRR13878553.bam	G1	2
SRR13878558.bam	G1	1
SRR13878562.bam	G1	2
SRR13878577.bam	G1	2
SRR13878579.bam	G1	2
SRR13878580.bam	G1	2
SRR13878583.bam	G1	1
SRR13878584.bam	G1	1
SRR13878589.bam	G1	2
SRR13878592.bam	G1	2
SRR13878593.bam	G1	2
SRR13878594.bam	G1	2
SRR13878601.bam	G1	1
SRR13878602.bam	S	2
SRR13878607.bam	G1	2
SRR13878618.bam	G1	2
SRR13878623.bam	G1	2
SRR13878624.bam	G1	1
SRR13878627.bam	G1	1
SRR13878630.bam	G1	2
SRR13878633.bam	G1	2
SRR13878637.bam	G1	2
SRR13878641.bam	G1	1
SRR13878645.bam	S	2
SRR13878647.bam	G1	2
SRR13878650.bam	S	2
SRR13878651.bam	G1	2
SRR13878653.bam	G1	2
SRR13878657.bam	S	2
SRR13878671.bam	S	2
SRR13878672.bam	G1	2
SRR13878674.bam	G1	1
SRR13878681.bam	G1	2
SRR13878683.bam	G1	2
SRR13878698.bam	G1	2
SRR13878700.bam	G1	2
SRR13878706.bam	G1	2
SRR13878711.bam	G1	2
SRR13878712.bam	S	1
SRR13878717.bam	G1	2
SRR13878720.bam	G1	1
SRR13878723.bam	G1	2
SRR13878727.bam	G1	2
SRR13878731.bam	S	2
SRR13878744.bam	G1	2
SRR13878746.bam	G1	1
SRR13878748.bam	G1	2
SRR13878750.bam	G1	2
SRR13878751.bam	G1	2
SRR13878768.bam	G1	1
SRR13878774.bam	G1	2
SRR13878775.bam	G1	2
SRR13878776.bam	G1	2
SRR13878779.bam	G1	2
SRR13878780.bam	G1	1
SRR13878786.bam	G1	2
SRR13878787.bam	G1	1
SRR13878788.bam	G1	2
SRR13878789.bam	G1	2
SRR13878793.bam	G1	2
SRR13878797.bam	G1	2
SRR13878805.bam	G1	2
SRR13878814.bam	G1	2
SRR13878816.bam	G1	2
SRR13878823.bam	G1	2
SRR13878825.bam	G1	2
SRR13878828.bam	G1	2
SRR13878832.bam	G1	2
SRR13878834.bam	G1	2
SRR13878843.bam	S	2
SRR13878845.bam	G1	2
SRR13878849.bam	G1	2
SRR13878852.bam	G1	1
SRR13878858.bam	G1	2
SRR13878861.bam	G1	1
SRR13878868.bam	G1	2
SRR13878888.bam	G1	2
SRR13878894.bam	G1	2
SRR13878899.bam	G1	2
SRR13878901.bam	G1	2
SRR13878909.bam	G1	2
SRR13878910.bam	G1	2
SRR13878913.bam	G1	2
SRR13878916.bam	G1	2
SRR13878918.bam	G1	2
SRR13878924.bam	G1	2
SRR13878941.bam	G1	2
SRR13878946.bam	G1	2
SRR13878950.bam	G1	2
SRR13878953.bam	G1	1
SRR13878954.bam	G1	2
SRR13878960.bam	G1	2
SRR13878964.bam	G1	2
SRR13878966.bam	G1	2
SRR13878967.bam	G1	2
SRR13878968.bam	G1	2
SRR13878971.bam	G1	2
SRR13878980.bam	G1	2
SRR13878983.bam	S	2
SRR13879002.bam	G1	1
SRR13879011.bam	G1	2
SRR13879013.bam	G1	2
SRR13879023.bam	G1	2
SRR13879027.bam	G1	1
SRR13879030.bam	G1	2
SRR13879033.bam	G1	2
SRR13879034.bam	S	2
SRR13879039.bam	G1	2
SRR13879043.bam	G1	2
SRR13879046.bam	G1	2
SRR13879050.bam	S	2
SRR13879055.bam	S	2
SRR13879057.bam	G1	2
SRR13879058.bam	G1	2
SRR13879059.bam	G1	2
SRR13879063.bam	G1	2
SRR13879064.bam	G1	2
SRR13879065.bam	G1	2
SRR13879073.bam	G1	2
SRR13879074.bam	G1	2
SRR13879076.bam	G1	2
SRR13879080.bam	G1	1
SRR13879081.bam	G1	2
SRR13879083.bam	G1	1
SRR13879085.bam	G1	2
SRR13879087.bam	G1	2
SRR13879088.bam	G1	1
SRR13879102.bam	G1	1
SRR13879106.bam	G1	2
SRR13879111.bam	G1	2
SRR13879116.bam	G1	1
SRR13879130.bam	G1	2
SRR13879133.bam	G1	2
SRR13879134.bam	G1	2
SRR13879140.bam	G1	2
SRR13879141.bam	G1	2
SRR13879145.bam	G1	1
SRR13879155.bam	G1	2
SRR13879156.bam	G1	1
SRR13879160.bam	G1	2
SRR13879162.bam	G1	2
SRR13879164.bam	G1	2
SRR13879165.bam	G1	2
SRR13879166.bam	G1	2
SRR13879168.bam	G1	2
SRR13879175.bam	G1	2
SRR13879176.bam	G1	2
SRR13879177.bam	G1	2
SRR13879187.bam	G1	2
SRR13879188.bam	G1	2
SRR13879194.bam	G1	2
SRR13879201.bam	G1	2
SRR13880409.bam	G1	2
SRR13880414.bam	G1	2
SRR13880416.bam	G1	2
SRR13880425.bam	G1	2
SRR13880430.bam	G1	1
SRR13880431.bam	G1	1
SRR13880432.bam	S	2
SRR13880434.bam	G1	2
SRR13880435.bam	G1	1
SRR13880436.bam	G1	2
SRR13880438.bam	G1	2
SRR13880451.bam	G1	2
SRR13880454.bam	G1	2
SRR13880458.bam	G1	1
SRR13880459.bam	G1	2
SRR13880460.bam	G1	1
SRR13880462.bam	G1	2
SRR13880478.bam	G1	1
SRR13880482.bam	G1	2
SRR13880486.bam	G1	2
SRR13880491.bam	G1	2
SRR13880495.bam	G1	2
SRR13880496.bam	G1	2
SRR13880499.bam	G1	2
SRR14132809_AAAGTAGGTGTCTAAC-1.bam	G1	2
SRR14132809_AAATGCCGTGACCCGT-1.bam	G1	1
SRR14132809_AACACGTCATATCGCA-1.bam	G1	2
SRR14132809_AACCGCGAGCTGAAAT-1.bam	G1	1
SRR14132809_AACCGCGTCACCGGTG-1.bam	G1	2
SRR14132809_AACGTTGGTTCGATTG-1.bam	G1	2
SRR14132809_AACGTTGTCTTGGCCT-1.bam	G1	2
SRR14132809_AACTCAGAGTACAGTA-1.bam	G1	2
SRR14132809_AACTCCCGTAGCAGGT-1.bam	G1	2
SRR14132809_AACTCTTCACGCGATC-1.bam	G1	1
SRR14132809_AACTCTTCATTCTTCA-1.bam	G1	2
SRR14132809_AACTCTTGTGAGCTCC-1.bam	G1	2
SRR14132809_AACTGGTAGCCAAACG-1.bam	G1	2
SRR14132809_AAGACCTGTGGATAAT-1.bam	G1	1
SRR14132809_AAGACCTTCCACTTAT-1.bam	G1	2
SRR14132809_AAGCCGCGTCAACTGT-1.bam	G1	1
SRR14132809_AAGCCGCTCCAAGGGA-1.bam	G1	2
SRR14132809_AAGCCGCTCTTGTCCG-1.bam	G1	1
SRR14132809_AAGGAGCAGAGAACAG-1.bam	G1	1
SRR14132809_AAGGTTCGTACCTCGG-1.bam	G1	1
SRR14132809_AAGGTTCTCCTACCCA-1.bam	G1	1
SRR14132809_AATCGGTTCTTCACGC-1.bam	S	1
SRR14132809_ACACCAATCTCTCTAA-1.bam	G1	2
SRR14132809_ACACCGGCAGAACCAG-1.bam	G1	1
SRR14132809_ACACTGAGTTACTGAC-1.bam	G1	2
SRR14132809_ACAGCTATCAAGCCGC-1.bam	G1	2
SRR14132809_ACCAGTATCATTTCGT-1.bam	G1	1
SRR14132809_ACCCACTTCGCGGCAT-1.bam	G1	2
SRR14132809_ACCTTTAAGTACGATA-1.bam	G1	2
SRR14132809_ACGATACGTCGCAAGA-1.bam	G1	1
SRR14132809_ACGATGTCATCACTGA-1.bam	G1	1
SRR14132809_ACGCAGCTCGCTAGTA-1.bam	G1	2
SRR14132809_ACGGCCACAAGGCTAG-1.bam	G1	1
SRR14132809_ACGGCCAGTATTGCAC-1.bam	G1	1
SRR14132809_ACGGCCAGTCCGCAGT-1.bam	G1	1
SRR14132809_ACGGCCATCAAGAGGC-1.bam	G1	1
SRR14132809_ACGGCCATCTGGTGAT-1.bam	G1	1
SRR14132809_ACGGGCTAGTCGATAA-1.bam	G1	2
SRR14132809_ACGGGCTGTATGCACT-1.bam	G1	2
SRR14132809_ACGGGCTTCCTTGAAG-1.bam	G1	1
SRR14132809_ACGGGTCCAATGTGTC-1.bam	G1	2
SRR14132809_ACGGGTCTCAAGCCAT-1.bam	G1	1
SRR14132809_ACGTCAATCACTGCGG-1.bam	G1	1
SRR14132809_ACTGAGTAGCATCTTG-1.bam	G1	1
SRR14132809_ACTGATGAGCGCTCAC-1.bam	G1	2
SRR14132809_ACTGCTCGTCTTCGTC-1.bam	G1	1
SRR14132809_ACTGCTCTCTGCGGGT-1.bam	G1	1
SRR14132809_ACTGTCCAGCAAAGCC-1.bam	G1	2
SRR14132809_ACTGTCCAGTGATTGA-1.bam	G1	2
SRR14132809_ACTGTCCCAACATAGA-1.bam	G1	1
SRR14132809_ACTTACTTCACAGCCG-1.bam	G1	2
SRR14132809_ACTTTCAAGATCCGAG-1.bam	G1	2
SRR14132809_ACTTTCATCTTGTCCG-1.bam	G1	2
SRR14132809_AGAGCGAGTCGCGAAA-1.bam	G1	2
SRR14132809_AGAGCGAGTTGAACAA-1.bam	G1	2
SRR14132809_AGAGTGGAGAATGGGA-1.bam	G1	1
SRR14132809_AGAGTGGTCGTTCGTC-1.bam	G1	2
SRR14132809_AGATCTGTCCACTTAT-1.bam	G1	1
SRR14132809_AGCCTAAAGTCTCGGC-1.bam	G1	2
SRR14132809_AGCCTAACATGCCATA-1.bam	G1	2
SRR14132809_AGCGGTCTCAGCAGCC-1.bam	G1	2
SRR14132809_AGCGTATAGTGTACCT-1.bam	G1	2
SRR14132809_AGCGTCGAGATATGCA-1.bam	G1	2
SRR14132809_AGCGTCGAGGATCCTT-1.bam	G1	2
SRR14132809_AGCTCCTCAGTGCTGC-1.bam	G1	1
SRR14132809_AGCTCTCAGACAGAGA-1.bam	G1	1
SRR14132809_AGGGATGAGACGCTTT-1.bam	G1	2
SRR14132809_AGGGATGCAACTTTCT-1.bam	G1	1
SRR14132809_AGGGTGAGTACTTGCA-1.bam	G1	1
SRR14132809_AGGGTGAGTTAAACGA-1.bam	G1	1
SRR14132809_AGGTCCGAGGAAACTT-1.bam	G1	2
SRR14132809_AGGTCCGCACCTATGA-1.bam	G1	1
SRR14132809_AGGTCCGCATCCAGGC-1.bam	G1	1
SRR14132809_AGTAGTCAGAATGTTG-1.bam	G1	1
SRR14132809_AGTAGTCAGCCACGTC-1.bam	G1	2
SRR14132809_AGTCTTTCATCCCAAA-1.bam	G1	1
SRR14132809_AGTCTTTTCACGAGTT-1.bam	G1	2
SRR14132809_AGTGAGGCACAATCAC-1.bam	G1	2
SRR14132809_AGTGAGGTCTGGGACC-1.bam	G1	2
SRR14132809_AGTGGGACAACCCACG-1.bam	G1	2
SRR14132809_AGTTGGTGTCCTTGGG-1.bam	G1	1
SRR14132809_AGTTGGTGTGACCCGT-1.bam	G1	1
SRR14132809_ATAACGCAGAGGTAGA-1.bam	G1	1
SRR14132809_ATAACGCTCAGGACAG-1.bam	G1	2
SRR14132809_ATAAGAGTCCCGAATA-1.bam	G1	2
SRR14132809_ATAGACCAGTACAGTA-1.bam	G1	2
SRR14132809_ATCACGACATGATGCT-1.bam	G1	1
SRR14132809_ATCATCTAGCTAACAA-1.bam	G1	1
SRR14132809_ATCATCTCAGACTTGT-1.bam	G1	1
SRR14132809_ATCATCTGTGTCTCAA-1.bam	G1	1
SRR14132809_ATCATGGGTGTCGCTG-1.bam	G1	1
SRR14132809_ATCCACCAGAGACGAA-1.bam	G1	2
SRR14132809_ATCCACCTCCGCACGA-1.bam	G1	2
SRR14132809_ATCCGAAGTGTCTAAC-1.bam	S	2
SRR14132809_ATCCGAATCCCACGGA-1.bam	G1	1
SRR14132809_ATCGAGTAGACAGGCT-1.bam	G1	1
SRR14132809_ATCGAGTAGATCTGCT-1.bam	G1	2
SRR14132809_ATCGAGTCAGACACGA-1.bam	G1	1
SRR14132809_ATCTACTTCCGGCTAG-1.bam	G1	2
SRR14132809_ATCTGCCCATAGGACG-1.bam	G1	1
SRR14132809_ATGAGGGAGAGTTGGC-1.bam	G1	2
SRR14132809_ATGAGGGCACGGAATG-1.bam	G1	2
SRR14132809_ATGAGGGTCGTAGCGC-1.bam	G1	1
SRR14132809_ATGGGAGCAACGACAG-1.bam	G1	2
SRR14132809_ATGTGTGTCACACGGC-1.bam	G1	2
SRR14132809_ATTACTCAGAAACCCG-1.bam	G1	1
SRR14132809_ATTCTACCATTGGTCA-1.bam	G1	2
SRR14132809_ATTCTACTCTTATGGG-1.bam	G1	2
SRR14132809_ATTGGACTCGTTGGAT-1.bam	G1	1
SRR14132809_ATTGGTGCAGGTGTGA-1.bam	G1	2
SRR14132809_ATTGGTGCATACGGTT-1.bam	G1	2
SRR14132809_ATTGGTGTCGAAGCGA-1.bam	G1	1
SRR14132809_CAACCAAAGTTTGCGT-1.bam	G1	1
SRR14132809_CAACCAAGTGCTTTGA-1.bam	G1	1
SRR14132809_CAACTAGGTAAGAGAG-1.bam	G1	2
SRR14132809_CAACTAGGTGCACTTA-1.bam	G1	1
SRR14132809_CAAGAAAGTCCTTGGG-1.bam	G1	1
SRR14132809_CAAGAAATCGCGTGGT-1.bam	G1	1
SRR14132809_CAAGATCAGCTAAGAT-1.bam	G1	2
SRR14132809_CAAGATCCAGTTATGC-1.bam	G1	2
SRR14132809_CAAGTTGGTGATAAGT-1.bam	G1	1
SRR14132809_CACAAACAGCACACAG-1.bam	G1	1
SRR14132809_CACACAAGTGATACCT-1.bam	G1	2
SRR14132809_CACATAGCAAGGTATA-1.bam	G1	1
SRR14132809_CACATAGTCTACGGCG-1.bam	G1	2
SRR14132809_CACCACTCACGTACAT-1.bam	G1	2
SRR14132809_CACCAGGCAGAACCAG-1.bam	G1	2
SRR14132809_CACCTTGCAAAGTTAG-1.bam	G1	1
SRR14132809_CACCTTGCACGAGATG-1.bam	S	2
SRR14132809_CACCTTGCACGGGATA-1.bam	S	2
SRR14132809_CACCTTGGTAGTTCTG-1.bam	G1	2
SRR14132809_CAGAGAGGTGGAAACC-1.bam	G1	2
SRR14132809_CAGCATAGTCTCGAGC-1.bam	G1	1
SRR14132809_CAGCATATCCAACGTA-1.bam	G1	1
SRR14132809_CAGCGACGTAACTAAG-1.bam	G1	2
SRR14132809_CAGCTAAAGATAGCAT-1.bam	G1	2
SRR14132809_CAGCTAAAGGCCATAG-1.bam	G1	2
SRR14132809_CAGCTAATCACTGCGG-1.bam	G1	1
SRR14132809_CAGCTAATCGAGGAGT-1.bam	G1	1
SRR14132809_CAGGTGCGTTGCGGCT-1.bam	G1	2
SRR14132809_CAGTAACGTGTTTCAG-1.bam	G1	2
SRR14132809_CAGTCCTCACAACTTG-1.bam	G1	2
SRR14132809_CAGTCCTCACCACACG-1.bam	G1	1
SRR14132809_CATATGGAGGAGTTGC-1.bam	G1	2
SRR14132809_CATATTCAGAAGGTGA-1.bam	G1	2
SRR14132809_CATATTCCATGATAAG-1.bam	G1	1
SRR14132809_CATATTCGTACCTTGA-1.bam	G1	2
SRR14132809_CATCAAGAGGTGCTAG-1.bam	G1	1
SRR14132809_CATCAAGGTGACCCAC-1.bam	G1	1
SRR14132809_CATCAGAAGCAAAGTT-1.bam	G1	1
SRR14132809_CATCAGACATCATGCA-1.bam	G1	2
SRR14132809_CATCAGATCAGGTACT-1.bam	G1	2
SRR14132809_CATCCACAGAAGGTGA-1.bam	G1	2
SRR14132809_CATCCACGTAACTAAG-1.bam	G1	2
SRR14132809_CATCCACGTTATCGGT-1.bam	S	1
SRR14132809_CATCGAAAGCGGCTTC-1.bam	G1	1
SRR14132809_CATCGGGAGAAGATTC-1.bam	G1	2
SRR14132809_CATCGGGAGGCCCTTG-1.bam	G1	1
SRR14132809_CATTATCCAAGGGATC-1.bam	G1	2
SRR14132809_CATTCGCGTTGGGCAA-1.bam	G1	2
SRR14132809_CCAATCCAGAATCGTA-1.bam	G1	2
SRR14132809_CCAATCCCACCACATA-1.bam	G1	2
SRR14132809_CCAATCCTCAGTGAAA-1.bam	G1	1
SRR14132809_CCACCTAAGCAGATCG-1.bam	G1	2
SRR14132809_CCACCTAAGCGGATCA-1.bam	G1	2
SRR14132809_CCACCTATCGTTCGTC-1.bam	G1	1
SRR14132809_CCACGGAGTCTAGGGA-1.bam	G1	2
SRR14132809_CCACGGAGTGTTCGAT-1.bam	G1	2
SRR14132809_CCAGCGACATAGTGTC-1.bam	G1	1
SRR14132809_CCAGCGATCAGTGAAA-1.bam	G1	2
SRR14132809_CCAGCGATCCGGTTCT-1.bam	G1	2
SRR14132809_CCCAATCAGTTAGCGG-1.bam	G1	2
SRR14132809_CCCAATCCAGTGCTTA-1.bam	G1	2
SRR14132809_CCGGGATAGAAGCCCA-1.bam	G1	2
SRR14132809_CCGGGATTCTGGTAAC-1.bam	G1	1
SRR14132809_CCGGTAGAGATATACG-1.bam	G1	2
SRR14132809_CCGGTAGAGATATGCA-1.bam	G1	2
SRR14132809_CCGTACTAGTTGTAGA-1.bam	G1	2
SRR14132809_CCGTACTGTACTCACA-1.bam	G1	1
SRR14132809_CCGTTCAAGCTTAGAA-1.bam	G1	2
SRR14132809_CCTAAAGAGCGTAATA-1.bam	G1	2
SRR14132809_CCTAAAGGTCGCCAAC-1.bam	G1	1
SRR14132809_CCTACACGTCGCGTAC-1.bam	G1	1
SRR14132809_CCTACACGTCTGCGCA-1.bam	G1	2
SRR14132809_CCTAGCTGTCTAGGGA-1.bam	G1	1
SRR14132809_CCTAGCTTCGAGAATA-1.bam	G1	2
SRR14132809_CCTATTAAGACTAGAT-1.bam	G1	1
SRR14132809_CCTCAGTAGAAGGGTA-1.bam	G1	1
SRR14132809_CCTTACGGTACAAGAT-1.bam	G1	2
SRR14132809_CCTTACGGTCGCGAAA-1.bam	G1	1
SRR14132809_CCTTCGAGTACAATAG-1.bam	G1	2
SRR14132809_CCTTCGATCCTTATTG-1.bam	G1	1
SRR14132809_CGAACATGTGGCGTCT-1.bam	G1	1
SRR14132809_CGAACATTCCAGACCG-1.bam	G1	2
SRR14132809_CGAATGTAGATCTGAA-1.bam	G1	1
SRR14132809_CGAATGTCACCTTGCT-1.bam	G1	2
SRR14132809_CGAATGTGTCTCTCGT-1.bam	G1	1
SRR14132809_CGAATGTGTGACTGAG-1.bam	G1	1
SRR14132809_CGACCTTGTTCCCACT-1.bam	G1	2
SRR14132809_CGAGCACAGCAGGCTA-1.bam	G1	2
SRR14132809_CGAGCACGTACCGCTG-1.bam	G1	2
SRR14132809_CGAGCCAGTTATGCGT-1.bam	G1	2
SRR14132809_CGATGGCAGCTGAAAT-1.bam	G1	1
SRR14132809_CGATGGCTCCATTTGT-1.bam	G1	2
SRR14132809_CGATGTACACCTTGCT-1.bam	G1	1
SRR14132809_CGATTGATCGAGGTGA-1.bam	G1	2
SRR14132809_CGCCAAGAGTTAGCGG-1.bam	G1	2
SRR14132809_CGCCAAGCACTTGCAA-1.bam	G1	2
SRR14132809_CGCGGTAGTTGGGACA-1.bam	G1	2
SRR14132809_CGCTATCAGGGTCGAT-1.bam	G1	2
SRR14132809_CGCTATCCATCCTGGG-1.bam	G1	2
SRR14132809_CGCTTCAAGCAGTCTT-1.bam	G1	1
SRR14132809_CGCTTCAAGGCAGTCA-1.bam	G1	2
SRR14132809_CGGACACAGCGATGAC-1.bam	G1	1
SRR14132809_CGGACACCACGAGATG-1.bam	G1	2
SRR14132809_CGGACACCACGGGATA-1.bam	G1	2
SRR14132809_CGGACGTCAAGCTACT-1.bam	G1	1
SRR14132809_CGGACTGAGGGAACGG-1.bam	G1	2
SRR14132809_CGGACTGAGGGTTCCC-1.bam	G1	2
SRR14132809_CGGAGCTTCGAGAATA-1.bam	G1	2
SRR14132809_CGGAGCTTCGGATGCC-1.bam	G1	2
SRR14132809_CGGAGTCCAATCTCTT-1.bam	G1	1
SRR14132809_CGGAGTCTCGGTAAGG-1.bam	G1	2
SRR14132809_CGGGTCAAGGCTCTTA-1.bam	G1	2
SRR14132809_CGGGTCACATACGTTG-1.bam	G1	2
SRR14132809_CGTAGCGAGACGCTTT-1.bam	G1	2
SRR14132809_CGTAGCGGTTCAGTGT-1.bam	G1	2
SRR14132809_CGTAGGCAGGTAGCCA-1.bam	G1	1
SRR14132809_CGTAGGCCAACGGGAT-1.bam	G1	2
SRR14132809_CGTCACTAGCGCTCAC-1.bam	G1	2
SRR14132809_CGTCAGGCATTTGTGG-1.bam	G1	2
SRR14132809_CGTCTACCACCTATGA-1.bam	G1	1
SRR14132809_CGTCTACTCACGATAC-1.bam	G1	1
SRR14132809_CGTGAGCCATTACTTC-1.bam	G1	2
SRR14132809_CGTGAGCTCGTGTCAA-1.bam	G1	2
SRR14132809_CGTGTCTAGCAGTCTT-1.bam	G1	1
SRR14132809_CGTTAGAAGACCTTTG-1.bam	G1	1
SRR14132809_CTAAGACAGTCCCGAC-1.bam	G1	2
SRR14132809_CTAAGACTCATCGACA-1.bam	G1	2
SRR14132809_CTAAGACTCCATTTGT-1.bam	G1	1
SRR14132809_CTAATGGAGAGACTAT-1.bam	G1	2
SRR14132809_CTAATGGGTGACTGAG-1.bam	G1	2
SRR14132809_CTACACCCAGCCAGTC-1.bam	G1	2
SRR14132809_CTACGTCAGCAGATCG-1.bam	G1	1
SRR14132809_CTACGTCTCGGAAGAC-1.bam	G1	2
SRR14132809_CTAGTGAAGCCTATGT-1.bam	G1	1
SRR14132809_CTAGTGAAGCTAGTTC-1.bam	G1	2
SRR14132809_CTAGTGATCAGTGCCG-1.bam	G1	2
SRR14132809_CTAGTGATCTACACCC-1.bam	G1	2
SRR14132809_CTCCTAGAGTATGACA-1.bam	G1	1
SRR14132809_CTCGAAAAGCTGTCTA-1.bam	G1	2
SRR14132809_CTCGAAAGTCGAATCT-1.bam	G1	2
SRR14132809_CTCGAAAGTTGATCTG-1.bam	G1	2
SRR14132809_CTCGGAGCAACTCATG-1.bam	G1	2
SRR14132809_CTCGGAGCAGCTCATA-1.bam	G1	2
SRR14132809_CTCGGGAAGGGTCGAT-1.bam	G1	1
SRR14132809_CTCGTCAAGCGATTCT-1.bam	G1	1
SRR14132809_CTCGTCATCCGTTCAC-1.bam	G1	2
SRR14132809_CTCTAATCATCTAAGC-1.bam	G1	1
SRR14132809_CTCTAATCATGCCATA-1.bam	G1	2
SRR14132809_CTCTAATGTACCGTCG-1.bam	G1	2
SRR14132809_CTCTACGCAACTCGCG-1.bam	G1	2
SRR14132809_CTCTACGGTCGCGTCA-1.bam	G1	1
SRR14132809_CTCTACGTCTTGCGAA-1.bam	S	2
SRR14132809_CTCTGGTCAGACTCCG-1.bam	G1	2
SRR14132809_CTCTGGTGTACATGAA-1.bam	G1	2
SRR14132809_CTCTGGTTCCAACAAC-1.bam	G1	2
SRR14132809_CTGAAGTAGTGAACGC-1.bam	G1	2
SRR14132809_CTGCGGAAGCGTTGCC-1.bam	G1	2
SRR14132809_CTGCTGTGTTAGAGCG-1.bam	G1	1
SRR14132809_CTGCTGTTCGATGGTT-1.bam	G1	1
SRR14132809_CTGGTCTGTAATGACA-1.bam	G1	2
SRR14132809_CTGTGCTCAAGCCAAG-1.bam	S	1
SRR14132809_CTGTTTACACAGCTGC-1.bam	G1	2
SRR14132809_CTTAACTAGAACTTCC-1.bam	G1	2
SRR14132809_CTTACCGAGACTAGGC-1.bam	G1	2
SRR14132809_CTTCTCTTCTGCGGGT-1.bam	G1	2
SRR14132809_CTTTGCGCATCCATCC-1.bam	G1	2
SRR14132809_GAAATGAGTCACGCAC-1.bam	G1	2
SRR14132809_GAACATCCAAGTGCAG-1.bam	G1	2
SRR14132809_GAACCTAAGAGAGCTC-1.bam	G1	1
SRR14132809_GAACCTAGTGGTGAGT-1.bam	G1	2
SRR14132809_GAACGGAGTAGATAGT-1.bam	G1	2
SRR14132809_GACAGAGGTAATGACA-1.bam	G1	2
SRR14132809_GACAGAGGTAGTGACG-1.bam	G1	2
SRR14132809_GACCAATAGGGAACGG-1.bam	G1	2
SRR14132809_GACCTGGTCGTTACCC-1.bam	G1	2
SRR14132809_GACGCGTAGAATGTTG-1.bam	G1	1
SRR14132809_GACGCGTAGCTGAAAT-1.bam	G1	1
SRR14132809_GACGGCTTCGAGTACT-1.bam	G1	2
SRR14132809_GACGTGCCATAGGGCA-1.bam	G1	1
SRR14132809_GACGTTAAGTCCCACG-1.bam	G1	1
SRR14132809_GACGTTAGTAACAGCG-1.bam	G1	2
SRR14132809_GACTAACGTTCGGTGC-1.bam	G1	2
SRR14132809_GATCGCGCAGTCGGAA-1.bam	G1	2
SRR14132809_GATCGCGTCCGTATTT-1.bam	G1	2
SRR14132809_GATCGTAAGATACACA-1.bam	G1	1
SRR14132809_GATGAAACAACTTTCT-1.bam	G1	1
SRR14132809_GATGAGGTCCTCTCAG-1.bam	G1	1
SRR14132809_GATGCTACATCTTTCA-1.bam	G1	2
SRR14132809_GATTCAGTCAAGTTGC-1.bam	G1	1
SRR14132809_GCAAACTCAACCTCAA-1.bam	G1	1
SRR14132809_GCACATAAGGGATGGG-1.bam	G1	2
SRR14132809_GCAGCCACAGCGGTCT-1.bam	G1	2
SRR14132809_GCAGTTACATAGCACT-1.bam	G1	2
SRR14132809_GCATACAAGGTGTGTG-1.bam	G1	1
SRR14132809_GCATGATTCCGTACCT-1.bam	G1	1
SRR14132809_GCATGCGTCATCGGTA-1.bam	G1	2
SRR14132809_GCATGCGTCCCTAAGA-1.bam	G1	1
SRR14132809_GCATGTACACTGGCCA-1.bam	G1	2
SRR14132809_GCCAAATCATCCTGGG-1.bam	G1	1
SRR14132809_GCCAAATGTGATATGA-1.bam	G1	2
SRR14132809_GCCTCTACATACCAGT-1.bam	G1	2
SRR14132809_GCGACCATCCGCTCTA-1.bam	G1	2
SRR14132809_GCGAGAACATCTAAGC-1.bam	G1	1
SRR14132809_GCGCAACTCGAACAAA-1.bam	G1	1
SRR14132809_GCGCAGTAGCGATATA-1.bam	G1	1
SRR14132809_GCGCAGTGTCTCTTTA-1.bam	G1	2
SRR14132809_GCGCAGTGTTAGAATG-1.bam	G1	2
SRR14132809_GCGCCAAAGGGATCTG-1.bam	G1	2
SRR14132809_GCGGGTTGTAAGGTGC-1.bam	G1	2
SRR14132809_GCGGGTTGTAGCCCTG-1.bam	G1	1
SRR14132809_GCTCCTAGTCTCGGTG-1.bam	G1	1
SRR14132809_GCTCCTATCCAAACCA-1.bam	G1	1
SRR14132809_GCTCTGTCACAGCTAT-1.bam	G1	1
SRR14132809_GCTGCAGCACATCTAG-1.bam	G1	2
SRR14132809_GCTGCAGCACATTGGT-1.bam	G1	2
SRR14132809_GCTGCGACAACCTGGC-1.bam	G1	1
SRR14132809_GCTGCTTAGCACAGGT-1.bam	G1	2
SRR14132809_GCTTCCATCCCACAAA-1.bam	G1	1
SRR14132809_GCTTGAATCCGACGTG-1.bam	G1	1
SRR14132809_GCTTGAATCGATAAGA-1.bam	G1	2
SRR14132809_GGAAAGCCAAAGGTTA-1.bam	G1	1
SRR14132809_GGAACTTCAGTACCTA-1.bam	G1	2
SRR14132809_GGAACTTGTACGTTTG-1.bam	G1	1
SRR14132809_GGAATAAAGACTTCCA-1.bam	G1	2
SRR14132809_GGACAAGCACATTGGT-1.bam	G1	2
SRR14132809_GGACAAGCAGCGCCAT-1.bam	G1	2
SRR14132809_GGACAAGGTCACCGCA-1.bam	G1	2
SRR14132809_GGACAAGGTGAAAGAG-1.bam	G1	1
SRR14132809_GGACATTAGAGGTACC-1.bam	G1	1
SRR14132809_GGACATTAGCGTCGAA-1.bam	G1	2
SRR14132809_GGACGTCAGGTCGGAT-1.bam	G1	1
SRR14132809_GGAGCAAAGCGCGTCT-1.bam	G1	2
SRR14132809_GGATGTTCACCTCCAT-1.bam	G1	1
SRR14132809_GGATTACCAAGGTATA-1.bam	S	2
SRR14132809_GGATTACTCCGCCTTA-1.bam	G1	1
SRR14132809_GGCGTGTCAACCTAGT-1.bam	G1	1
SRR14132809_GGCTGGTCACGCGATC-1.bam	G1	1
SRR14132809_GGCTGGTCATAACAAG-1.bam	G1	1
SRR14132809_GGCTGGTTCAGGTACT-1.bam	G1	2
SRR14132809_GGGAATGAGTCATCCA-1.bam	G1	2
SRR14132809_GGGAATGAGTGCTGCC-1.bam	G1	2
SRR14132809_GGGATGAAGCAACGGT-1.bam	G1	2
SRR14132809_GGGATGAGTACTACAC-1.bam	G1	2
SRR14132809_GGGATGAGTGCCATTA-1.bam	G1	1
SRR14132809_GGGCATCGTTAACCTG-1.bam	G1	1
SRR14132809_GGGTCTGCAACATCAC-1.bam	G1	1
SRR14132809_GGGTCTGGTAACGTGG-1.bam	G1	1
SRR14132809_GGGTCTGGTAGACCAG-1.bam	G1	1
SRR14132809_GGGTCTGGTCGCCAAC-1.bam	G1	1
SRR14132809_GGTATTGAGCGCGATA-1.bam	G1	1
SRR14132809_GGTATTGCATTTCTTG-1.bam	G1	1
SRR14132809_GGTATTGGTACATGAA-1.bam	G1	1
SRR14132809_GGTGAAGGTATGAAAC-1.bam	G1	1
SRR14132809_GGTGAAGGTATTCGTG-1.bam	G1	2
SRR14132809_GGTGCGTAGTTACCCA-1.bam	G1	2
SRR14132809_GGTGCGTCAGATCGAG-1.bam	G1	2
SRR14132809_GGTGTTATCGAAATCC-1.bam	G1	2
SRR14132809_GTAACGTAGTTCGATC-1.bam	G1	1
SRR14132809_GTAACGTCACCCTCTA-1.bam	G1	1
SRR14132809_GTACGTACAATCGTCA-1.bam	G1	1
SRR14132809_GTACGTACAGCACACC-1.bam	G1	2
SRR14132809_GTACTCCGTCGACCAC-1.bam	G1	1
SRR14132809_GTAGGCCAGTAGTATG-1.bam	G1	2
SRR14132809_GTAGTCAAGTGAAGAG-1.bam	G1	2
SRR14132809_GTAGTCAGTGAGTCAG-1.bam	G1	2
SRR14132809_GTATCTTAGTAGCGGT-1.bam	G1	2
SRR14132809_GTATCTTCACTATGCA-1.bam	G1	2
SRR14132809_GTATCTTGTACAACGG-1.bam	G1	2
SRR14132809_GTCACAAAGAAGGTGA-1.bam	G1	1
SRR14132809_GTCACAAAGCGGATCA-1.bam	G1	1
SRR14132809_GTCACAACACCAAAGG-1.bam	G1	1
SRR14132809_GTCACGGCACCGGCAT-1.bam	G1	1
SRR14132809_GTCACGGCATCTCGTC-1.bam	G1	2
SRR14132809_GTCGTAAAGAGCTTCT-1.bam	G1	2
SRR14132809_GTCGTAACAATTGAAG-1.bam	G1	2
SRR14132809_GTCTCGTAGAACTCGG-1.bam	G1	1
SRR14132809_GTGCAGCAGCAAATCA-1.bam	G1	2
SRR14132809_GTGCATAGTTTAGGAA-1.bam	G1	2
SRR14132809_GTGCTTCAGGTGTGCA-1.bam	G1	2
SRR14132809_GTGGGTCCAGATACCT-1.bam	G1	2
SRR14132809_GTGGGTCGTCGACGCT-1.bam	G1	1
SRR14132809_GTGGGTCTCTTCCGAC-1.bam	G1	2
SRR14132809_GTGTTAGGTGATTTGC-1.bam	G1	2
SRR14132809_GTTAAGCGTCCAGTGC-1.bam	G1	2
SRR14132809_GTTAAGCGTGAAGCCA-1.bam	G1	1
SRR14132809_GTTAAGCTCTCCGGAG-1.bam	G1	2
SRR14132809_GTTCATTAGGCCCTCA-1.bam	G1	1
SRR14132809_GTTCGGGAGGAAACTT-1.bam	G1	2
SRR14132809_GTTCGGGCAGCGATGA-1.bam	G1	2
SRR14132809_GTTCTCGGTCCGGTTG-1.bam	G1	1
SRR14132809_GTTTCTACACAATCAC-1.bam	G1	1
SRR14132809_GTTTCTACATACGTTG-1.bam	G1	1
SRR14132809_GTTTCTAGTGATATGA-1.bam	G1	2
SRR14132809_TAAGCGTTCCAACGTA-1.bam	G1	1
SRR14132809_TAAGTGCCAATGGTAA-1.bam	G1	1
SRR14132809_TACACGAAGACTAGAT-1.bam	G1	2
SRR14132809_TACACGACAGAGGTCA-1.bam	G1	1
SRR14132809_TACAGTGCAACCTCAA-1.bam	G1	2
SRR14132809_TACCTTAAGCACCGCT-1.bam	G1	1
SRR14132809_TACCTTAAGCAGTAGC-1.bam	G1	1
SRR14132809_TACGGATGTGGTCAGA-1.bam	G1	2
SRR14132809_TACGGGCCAAACGGGT-1.bam	G1	2
SRR14132809_TACGGTACAATGTAGA-1.bam	G1	1
SRR14132809_TACGGTATCCACCTTG-1.bam	G1	2
SRR14132809_TACTCATAGTTCCACA-1.bam	G1	2
SRR14132809_TAGACCAAGTTAGGGC-1.bam	G1	2
SRR14132809_TAGCCGGCATGGGCCT-1.bam	G1	2
SRR14132809_TAGGCATCACCAAAGG-1.bam	G1	2
SRR14132809_TAGTGGTCACAATCAC-1.bam	G1	1
SRR14132809_TAGTTGGCAACGCGTC-1.bam	G1	2
SRR14132809_TATCTCATCCGCCTTA-1.bam	G1	2
SRR14132809_TATGCCCAGCTCTCGG-1.bam	G1	2
SRR14132809_TCAACGACACCTGCAG-1.bam	G1	2
SRR14132809_TCAATCTTCAGAAACA-1.bam	G1	2
SRR14132809_TCACGAAAGATACACA-1.bam	G1	1
SRR14132809_TCACGAAAGATATACG-1.bam	G1	1
SRR14132809_TCACGAAAGTGTTTGC-1.bam	G1	1
SRR14132809_TCAGATGGTCAAGTTC-1.bam	G1	2
SRR14132809_TCAGCAAAGGTATCGG-1.bam	G1	2
SRR14132809_TCAGCTCGTTACGCGC-1.bam	G1	1
SRR14132809_TCATTACGTTGCAGCC-1.bam	G1	1
SRR14132809_TCCACACAGCGCTCAC-1.bam	G1	2
SRR14132809_TCCACACTCTGATGGT-1.bam	G1	2
SRR14132809_TCGAGGCTCTGTATTC-1.bam	G1	2
SRR14132809_TCGCGAGAGACGTCGA-1.bam	G1	2
SRR14132809_TCGCGAGTCGGCACCA-1.bam	G1	1
SRR14132809_TCGTAGACAGTACTCA-1.bam	G1	1
SRR14132809_TCTATTGCATCGGTCG-1.bam	G1	2
SRR14132809_TCTATTGTCGGAAGAC-1.bam	G1	2
SRR14132809_TCTATTGTCGTGTCAA-1.bam	G1	1
SRR14132809_TCTCATAAGTTCGATC-1.bam	G1	1
SRR14132809_TCTCTAACAATGTAGA-1.bam	G1	1
SRR14132809_TCTGGAACACCCGTTT-1.bam	G1	1
SRR14132809_TGAAAGACAATAGGAT-1.bam	G1	1
SRR14132809_TGAAAGACATATGTGC-1.bam	G1	2
SRR14132809_TGACGGCTCCGGTTCT-1.bam	G1	2
SRR14132809_TGACTAGGTCAGAAGC-1.bam	G1	1
SRR14132809_TGAGAGGAGAGTACAT-1.bam	G1	2
SRR14132809_TGAGAGGAGCCCTAAT-1.bam	G1	1
SRR14132809_TGAGAGGGTGACCCAC-1.bam	G1	2
SRR14132809_TGAGCATAGTTCCACA-1.bam	G1	1
SRR14132809_TGATTTCTCTGGATCA-1.bam	G1	2
SRR14132809_TGCCAAAAGGCCCTTG-1.bam	G1	2
SRR14132809_TGCCAAACAGCGGTCT-1.bam	G1	2
SRR14132809_TGCCCTAAGACTAAGT-1.bam	G1	2
SRR14132809_TGCCCTAGTCATGCCG-1.bam	G1	2
SRR14132809_TGCCCTAGTTAAGCCT-1.bam	G1	2
SRR14132809_TGCCCTATCGGAGAAC-1.bam	G1	2
SRR14132809_TGCCCTATCTCCGGAG-1.bam	G1	1
SRR14132809_TGCTACCGTCTCTATT-1.bam	G1	1
SRR14132809_TGCTACCTCAGGTACT-1.bam	G1	2
SRR14132809_TGGACGCCACACGCAC-1.bam	G1	2
SRR14132809_TGGCGCACAAATAGGT-1.bam	G1	2
SRR14132809_TGGGAAGAGTGTCCAT-1.bam	G1	1
SRR14132809_TGGGCGTGTGACACGA-1.bam	G1	2
SRR14132809_TGGTTAGAGACTGGGT-1.bam	G1	2
SRR14132809_TGGTTAGAGACTTTCG-1.bam	G1	1
SRR14132809_TGGTTAGCATGCAGTT-1.bam	G1	2
SRR14132809_TGTATTCCAAGAACTA-1.bam	G1	1
SRR14132809_TGTATTCCACAGCTGC-1.bam	G1	2
SRR14132809_TGTATTCTCGGAGAGT-1.bam	G1	2
SRR14132809_TGTGGTACAACGCGTC-1.bam	G1	1
SRR14132809_TGTGGTACAAGTAAGT-1.bam	G1	1
SRR14132809_TGTTCCGTCTAGCCTC-1.bam	G1	2
SRR14132809_TTAGGACAGGACAGCT-1.bam	G1	2
SRR14132809_TTAGGACGTGAACTCT-1.bam	G1	2
SRR14132809_TTCGAAGGTCTAACGT-1.bam	G1	1
SRR14132809_TTCTACAAGTTTAGGA-1.bam	G1	1
SRR14132809_TTCTACATCATCAGCA-1.bam	G1	1
SRR14132809_TTCTCAACACTTGCAA-1.bam	G1	1
SRR14132809_TTCTTAGAGGATGCGT-1.bam	G1	1
SRR14132809_TTCTTAGGTCGGCATC-1.bam	G1	1
SRR14132809_TTGAACGCAAGCTACT-1.bam	G1	2
SRR14132809_TTGAACGCACGTGCGT-1.bam	G1	2
SRR14132809_TTGAACGGTGCACACC-1.bam	G1	2
SRR14132809_TTGAACGTCTGTATTC-1.bam	G1	2
SRR14132809_TTGCGTCGTCTCCACT-1.bam	G1	1
SRR14132809_TTGGCAAAGCGTGTGA-1.bam	G1	2
SRR14132809_TTGTAGGGTTCGTCAA-1.bam	G1	2
SRR14132809_TTGTAGGTCGTTGCAA-1.bam	G1	2
SRR14132809_TTTATGCAGAAGGGTA-1.bam	G1	2
SRR14132809_TTTGCGCAGCCCTAAT-1.bam	G1	2
SRR14132809_TTTGCGCAGGCTCAGA-1.bam	G1	2
SRR14132809_TTTGGTTCACAGCTGC-1.bam	G1	1
SRR14132809_TTTGGTTGTGATAAGT-1.bam	G1	2
SRR14132809_TTTGGTTTCTGGTGAT-1.bam	G1	2
